,runtime,cost,consNum,varNum
0,20.499470949172974,1084.6947915666992,59819,68880
