,runtime,cost,infeasibleNum
0,21.966301202774048,1103.764733389264,2
