,runtime,cost,infeasibleNum
0,14.990595579147339,1191.5014108294708,0
