,runtime,cost,consNum,varNum
0,72.07114553451538,1118.9533427979306,106657,113344
