,runtime,cost,consNum,varNum
0,169.2961368560791,2298.050381324532,118903,125300
