,runtime,cost
0,42.414451122283936,2302.2332386190865
