,runtime,cost,infeasibleNum
0,24.815021991729736,1085.2641232671208,2
