,runtime,cost,infeasibleNum
0,24.031005382537842,1121.6126590152896,0
