,runtime,cost,consNum,varNum
0,2609.585266828537,1083.9030656452437,134259,137592
