,runtime,cost,infeasibleNum
0,24.480570793151855,1080.645739472262,2
