,runtime,cost,consNum,varNum
0,4.822212219238281,1127.5291806696646,59741,68880
