,runtime,cost,consNum,varNum
0,2.377246141433716,1189.2370022971654,36001,43820
