,runtime,cost,infeasibleNum
0,15.470181465148926,1103.3602085023863,0
