,runtime,cost,consNum,varNum
0,3.0408971309661865,1101.4732013921796,44571,53592
