,runtime,cost,consNum,varNum
0,173.5110375881195,1072.4888704286952,118271,125300
