,runtime,cost,infeasibleNum
0,11.067873239517212,1195.633382387325,0
