,AC,route,arrTime,hldTime
0,ac_1,PIBAP,0.0,0.0
1,ac_1,PASPU,328.23529411764696,0.0
2,ac_1,NYLON,632.8506787330316,0.0
3,ac_1,VABRI,735.7078215901734,0.0
4,ac_1,RUNWAY2,927.1971832925797,0.0
5,ac_2,PIBAP,30.0,0.0
6,ac_2,PASPU,388.23529411764696,0.0
7,ac_2,NYLON,692.8506787330316,0.0
8,ac_2,ELBEX,795.7078215901745,0.0
9,ac_2,RUNWAY1,987.1971832925808,0.0
10,ac_3,ARAMA,150.0,0.0
11,ac_3,LELIB,361.7647058823529,0.0
12,ac_3,JAYBEE,610.9954751129881,0.0
13,ac_3,ALFA,707.9185520364009,0.0
14,ac_3,BETBA,777.1493212670358,0.0
15,ac_3,BIDUS,846.3800904976707,0.0
16,ac_3,ELBEX,961.2372333548875,0.0
17,ac_3,RUNWAY1,1152.726595057294,0.0
18,ac_4,ARAMA,180.0,0.0
19,ac_4,LELIB,421.76470588235287,0.0
20,ac_4,JAYBEE,670.9954751129883,0.0
21,ac_4,ALFA,767.918552036401,0.0
22,ac_4,BETBA,837.1493212670359,0.0
23,ac_4,BIDUS,906.3800904976708,0.0
24,ac_4,ELBEX,1021.2372333548886,0.0
25,ac_4,RUNWAY1,1212.7265950572948,0.0
26,ac_5,ASUNA,66.0,0.0
27,ac_5,BOBAG,277.7647058820042,0.0
28,ac_5,SINJON,610.0723981896951,0.0
29,ac_5,PAPA UNIFORM,790.0723981896917,0.0
30,ac_5,BETBA,900.8416289590598,0.0
31,ac_5,BIDUS,970.0723981896891,0.0
32,ac_5,ELBEX,1084.9295410469067,0.0
33,ac_5,RUNWAY1,1276.418902749313,0.0
34,ac_6,JAYBEE,120.0,0.0
35,ac_6,ALFA,216.9230769230769,0.0
36,ac_6,BETBA,286.153846153846,0.0
37,ac_6,BIDUS,355.38461538461485,0.0
38,ac_6,ELBEX,470.24175824175745,0.0
39,ac_6,RUNWAY1,661.7311199441582,0.0
40,ac_7,BOBAG,348.0,0.0
41,ac_7,SINJON,680.3076923075183,0.0
42,ac_7,PAPA UNIFORM,860.3076923075149,0.0
43,ac_7,BETBA,971.076923076874,0.0
44,ac_7,BIDUS,1040.307692307502,0.0
45,ac_7,ELBEX,1155.164835164707,0.0
46,ac_7,RUNWAY1,1346.6541968670758,0.0
47,ac_8,IKIMA,240.0,0.0
48,ac_8,IBULA,516.9230769230768,0.0
49,ac_8,LAVAX,739.2760180995456,0.0
50,ac_8,RUVIK,850.0452488687743,0.0
51,ac_8,DOVAN,974.6606334841573,0.0
52,ac_8,BIPOP,1140.814479638002,0.0
53,ac_8,VABRI,1243.6716224951463,0.0
54,ac_8,RUNWAY2,1435.1609841975405,0.0
55,ac_9,IBULA,300.0,0.0
56,ac_9,LAVAX,522.3529411764706,0.0
57,ac_9,RUVIK,633.1221719457004,0.0
58,ac_9,DOVAN,757.7375565610844,0.0
59,ac_9,BIPOP,923.8914027149294,0.0
60,ac_9,VABRI,1026.748545572072,0.0
61,ac_9,RUNWAY2,1218.2379072744711,0.0
62,ac_10,KEXAS,420.0,0.0
63,ac_10,LAVAX,642.3529411764706,0.0
64,ac_10,RUVIK,753.1221719457004,0.0
65,ac_10,DOVAN,877.7375565610844,0.0
66,ac_10,BIPOP,1043.8914027149283,0.0
67,ac_10,VABRI,1146.7485455720703,0.0
68,ac_10,RUNWAY2,1338.2379072744693,0.0
