,runtime,cost,consNum,varNum
0,3.298835277557373,1155.628857500678,36711,43820
