,runtime,cost,infeasibleNum
0,11.860820293426514,1139.8290613779848,0
