,runtime,cost,infeasibleNum
0,18.98570990562439,1129.0387863950818,0
