,runtime,cost,consNum,varNum
0,8.339012861251831,1104.3509070726582,45587,53592
