,runtime,cost,consNum,varNum
0,133.66435837745667,2677.774506002775,162345,169792
