,runtime,cost
0,67.00757551193237,2677.7745184997293
