,runtime,cost,consNum,varNum
0,50.513699769973755,2708.001103460732,137289,143864
