,runtime,cost
0,53.08409547805786,2708.0011039664773
