,runtime,cost
0,102.74575734138489,2736.2995736182415
