,runtime,cost,consNum,varNum
0,784.6923520565033,2736.2995440004374,203973,197064
