,runtime,cost
0,31.06416893005371,2120.2121676284387
