,runtime,cost,consNum,varNum
0,49.29195713996887,2120.212167636906,76811,90440
